<?xml version="1.0" encoding="UTF-8"?>
<project-private xmlns="http://www.netbeans.org/ns/project-private/1">
    <editor-bookmarks xmlns="http://www.netbeans.org/ns/editor-bookmarks/2" lastBookmarkId="0"/>
    <open-files xmlns="http://www.netbeans.org/ns/projectui-open-files/2">
        <group>
            <file>file:/C:/Users/User/Documents/NetBeansProjects/Lab6/src/exo1/Lab6.java</file>
            <file>file:/C:/Users/User/Documents/NetBeansProjects/Lab6/src/exo2_1/Exo2.java</file>
            <file>file:/C:/Users/User/Documents/NetBeansProjects/Lab6/src/exo2_2/Teacher.java</file>
            <file>file:/C:/Users/User/Documents/NetBeansProjects/Lab6/src/exo3/Seq.java</file>
            <file>file:/C:/Users/User/Documents/NetBeansProjects/Lab6/src/exo3/Main.java</file>
        </group>
    </open-files>
</project-private>
